{"loss": [10.32794189453125, 3.9356095790863037, 3.8905444145202637, 4.172179222106934, 3.5216825008392334, 4.572756290435791, 3.128049850463867, 3.705932140350342, 2.7305943965911865, 2.7357375621795654, 2.568760395050049, 2.345057249069214, 1.951065182685852, 2.1773786544799805, 2.102405548095703, 1.8375959396362305, 1.6384539604187012, 1.5750212669372559, 1.424530267715454, 1.4320162534713745], "accuracy": [0.03595505654811859, 0.05264847353100777, 0.07993579655885696, 0.1126805767416954, 0.1521669328212738, 0.19325841963291168, 0.2597110867500305, 0.3059390187263489, 0.35794541239738464, 0.40385231375694275, 0.46773675084114075, 0.47287318110466003, 0.5479936003684998, 0.5524879693984985, 0.5993579626083374, 0.6009630560874939, 0.6471909880638123, 0.6542536020278931, 0.6719101071357727, 0.6985553503036499], "val_loss": [3.5155537128448486, 3.4687728881835938, 3.232929229736328, 2.9838950634002686, 5.609195709228516, 2.958966016769409, 2.5503604412078857, 2.119807004928589, 2.208496332168579, 2.0274698734283447, 1.8951555490493774, 1.8001117706298828, 2.032097816467285, 1.6440303325653076, 1.742514967918396, 2.041273593902588, 8.026630401611328, 1.4870351552963257, 1.5878193378448486, 1.8959912061691284], "val_accuracy": [0.07977207750082016, 0.09116809070110321, 0.18233618140220642, 0.22507122159004211, 0.11396011710166931, 0.3390313386917114, 0.3817663788795471, 0.5527065396308899, 0.5698005557060242, 0.5555555820465088, 0.5897436141967773, 0.680911660194397, 0.6467236280441284, 0.7350427508354187, 0.7492877244949341, 0.6951566934585571, 0.3760683834552765, 0.7606837749481201, 0.8005697727203369, 0.7179487347602844]}